Qnumber;SurveryRegion;Age;Gender;EducationalAttainment;MaritalStatus;EthnicGroup;FarmingYearsCacao;Ownership;Topography;FarmSize;TotalNoOfTrees;AverageAgeofTrees;UF18;%on farm;BR25;%onFarm;PBC123;%onFarm;K1;%onFarm;W10;%onFarm;Others;%onFarm;BeanTypeWet;BeanTypeDried;EstmatiedYield2016;EstimatedYield2017;Estimated2018;FertilityRating;TypeOfFarming;MCCoconut;MCBanana;MCLanzones;MCDurian;MCOthers;MCMango;Intercropping;CocoaDistance;MCDistance;ShadeTree1;ShadeTree2;NoShade;ShadeTree4;DistanceShadeTree;Shading;Diseases1;Diseases2;Disease 3;Diseases4;Diseases5;DIseases6;Diseases7;Pests1;Pest2;Pest3;Pest4;pest5;Pest6;WeedControl;Frequency;Organic;SprayingInsetcs;Frequency;Organic;FertiliserApplication;Frequency;Organic;Pruning;Frequency;TimeOfYear;SoldBeans1;SoldBeans2;Sold Beans3;Sodd Beans4;Number of Times;Quantity harvested;PodStorage;NoOfDaysStorage;PlaceofStorage;Fermentation;MethodOfFermenetation;NoOfFermenetation;BeansTurning;NoOfTurning;Drying;MethodofDrying;NoOfDryingDays;TurningDuringDrying;QuantityofDriedBeans;Training;Source;FormofTraining;Certification;AccesstoLoan;SourceofLoan;SocialOrganisation;CocoabeasSoldQuantitty;CocoaPrice;Cocoa Price Dried;Amount Earned;TableaProduction;Amount Earned;OFDurian;OFCoconut;OFCassava;OFTaro;OFBanana;Amount earned;LiveStock;Poultry;Amount Earned;Home Consumption;FCocoaarmExpenses;TableaFarmExpenses;OtherFarmexpenses;LivestockExpenses;BC1;BC2;BC3;BC4;BC5 ;BC6;SC1;SC2;SC3;Sust1;Sust2;FC1;FC2;FC3;FC4;FC5;Visibility1;Visibility2;Visibility3;Visibility4;Visibility5;Visibility6;Visibility7;Diversity1;DIversity2;Diversity3;Diversity4;Diversity5;Diversity6;Info1;Info2;Info3;Info4;Info5;Info6;Info7;SO1;SO2;SO3;SO4;SO5
1;1;49;1;2;2;1;15;1;1;1;1000;12;1;100;0;0;0;0;0;0;0;0;0;0;0;1;90;90;90;3;2;1;1;0;1;1;0;1;2;5;1;0;0;1;5;2;0;0;0;1;0;0;0;0;0;0;0;0;1;1;3;1;0;0;0;2;3;3;1;4;May/July;0;1;0;0;;;2;0;0;2;0;0;0;0;0;0;0;0;0;2;0;0;2;2;0;1;90;110;;;2;;1;1;0;0;1;;0;0;;0;500;;5000;;4;3;3;3;3;4;3;3;3;3;3;4;3;3;3;3;3;3;3;2;4;3;3;3;3;3;3;3;4;3;3;3;3;3;3;3;3;4;4;4;4
2;1;78;1;3;2;1;30;1;1;1.5;1000;10;1;100;0;0;0;0;0;0;0;0;0;0;1;0;150;200;100;3;2;0;0;0;1;0;0;1;2;5;0;0;0;1;5;2;0;0;0;1;0;0;0;0;0;0;0;0;1;1;2;1;1;2;1;1;;3;2;3;Marcch?August;0;1;0;0;;;2;0;0;2;0;0;0;0;0;4;5;1;;1;1;1;2;2;0;1;200;32;;;2;;1;0;0;0;0;;0;1;;1;2000;;7000;;3;3;4;3;3;2;3;3;3;3;3;3;3;3;3;4;4;5;3;2;3;3;3;3;3;3;5;3;3;3;3;3;4;3;4;5;3;3;4;5;5
3;1;55;1;2;2;1;15;1;1;.5;700;20;1;100;0;0;0;0;0;0;0;0;0;0;0;1;90;80;100;4;2;1;1;0;1;1;0;1;2;5;1;0;0;1;5;2;0;0;0;1;0;0;0;0;0;0;0;0;1;1;2;1;0;0;0;2;3;3;2;4;May/August;0;1;0;0;;;2;0;0;2;0;0;0;0;1;4;5;1;100;2;0;0;2;2;0;1;100;100;;;2;;1;1;0;0;1;35000;0;1;;1;3000;;6500;;3;4;3;3;3;4;3;3;4;3;4;3;3;3;3;3;3;3;3;2;3;3;3;4;3;3;4;3;3;4;3;3;3;3;4;4;4;3;3;4;4
4;1;49;1;1;2;1;35;1;1;.7;300;15;1;100;0;0;0;0;0;0;0;0;0;0;1;0;300;350;400;4;2;1;1;0;1;0;0;1;2;4;0;0;0;1;4;2;0;0;0;1;0;0;0;0;0;0;0;0;1;1;3;1;0;0;1;2;3;3;1;2;march/may;0;1;0;0;;;2;0;0;2;0;0;0;0;1;4;5;1;;1;1;1;2;2;0;1;400;35;;;2;;1;1;0;0;1;70000;0;1;;1;2000;;7000;;3;3;4;3;3;4;4;5;3;4;3;4;3;4;4;3;4;5;4;2;3;3;3;4;3;4;3;3;4;5;4;4;4;4;4;5;4;3;4;5;5
5;1;42;1;2;1;1;7;3;1;.5;500;5;1;100;0;0;0;0;0;0;0;0;0;0;0;1;30;30;30;3;2;1;1;0;1;0;1;1;2.5;5;0;0;0;1;5;2;0;0;0;0;0;0;1;0;0;0;0;0;1;1;2;1;0;0;1;;2;3;1;1;March/August;0;1;0;0;2;30;2;0;0;2;0;0;0;0;1;4;4;1;;2;0;0;2;2;0;1;30;90;;;2;;1;1;0;0;1;15000;0;0;;0;500;;5000;;3;3;3;3;4;3;1;2;1;3;3;2;2;3;2;4;3;5;5;1;3;5;3;3;3;3;3;3;3;3;3;5;4;4;4;5;3;3;3;3;5
6;1;39;1;2;1;1;20;1;1;.7;200;20;1;100;0;0;0;0;0;0;0;0;0;0;0;1;150;150;150;2;2;1;0;0;1;1;0;1;5;3;1;0;0;1;3;2;0;0;0;1;0;0;0;0;0;0;0;0;1;1;5;1;0;0;1;2;3;3;2;2;During Season;1;1;0;0;2;150;2;0;0;2;0;0;0;0;1;3;5;1;150;2;0;0;2;1;3;1;150;100;;;2;;1;0;0;0;0;80000;0;1;;1;1000;;5000;;4;3;3;3;3;3;1;3;3;4;3;1;3;3;2;2;4;4;4;1;2;5;3;3;3;3;4;5;5;4;4;4;4;4;3;4;3;3;3;3;2
24;1;61;2;3;3;0;6;1;1;.5;500;7;1;85;1;15;0;0;0;0;0;0;0;0;0;1;100;100;100;3;2;0;1;0;0;0;0;2;2;0;0;0;1;0;0;1;0;0;0;1;0;0;0;0;0;0;0;0;1;1;3;;1;1;2;2;3;2;2;2;;0;1;0;0;15;10;1;1;1;0;0;0;0;0;1;5;5;1;100;1;1;1;2;2;0;1;100;116;;;2;;0;0;0;0;0;;0;0;;0;;;;;4;4;1;1;2;1;1;2;4;1;4;3;3;3;1;3;2;2;2;1;1;5;5;3;4;3;4;5;5;5;5;5;5;5;5;3;4;3;4;4;4
25;1;58;2;2;2;0;26;1;1;.55;700;;1;85;1;10;0;0;1;5;0;0;0;0;1;1;80;90;100;3;2;1;1;1;1;0;0;1;2;3;1;0;0;1;3;2;0;1;0;1;0;0;0;0;0;0;0;0;1;2;2;2;0;0;0;2;3;2;1;2;;1;1;0;0;every 15 days peak season;10;1;1;1;2;0;0;0;0;1;5;5;1;;1;1;1;2;2;0;1;400;35;;;2;;1;1;0;0;1;;0;0;;0;3000;;5000;;5;4;1;1;1;1;2;2;5;2;2;2;3;3;2;4;4;4;3;4;1;5;5;3;4;4;4;4;4;5;5;5;5;5;5;5;4;5;3;4;5
27;1;56;2;1;2;0;3;1;1;.6;600;3;1;75;1;10;0;0;0;0;1;15;0;0;1;0;500;500;580;3;2;1;1;0;0;0;0;1;2;3;1;0;0;1;3;2;0;0;0;1;0;0;0;0;0;0;0;0;1;1;0;0;0;0;0;1;3;1;1;3;;1;0;0;0;every 15 days peak season;;;;;2;0;0;0;0;0;0;0;0;0;1;1;1;2;2;0;1;100;32;;;2;;0;1;0;0;0;;1;0;;1;2000;;;;3;3;1;1;1;1;1;3;4;2;3;1;1;1;1;3;2;3;3;2;1;5;5;1;4;4;4;4;4;5;4;4;5;4;3;3;4;4;3;5;5
28;1;62;1;2;2;0;39;1;1;.75;900;;1;100;0;0;0;0;0;0;0;0;0;0;1;0;250;300;300;3;2;1;0;0;1;0;0;1;3;3;1;0;0;1;3;2;0;1;0;1;0;0;0;0;0;0;0;0;1;1;3;0;1;2;2;2;3;2;2;3;;1;0;0;0;every 15 days peak season;;2;0;0;0;0;0;0;0;0;0;0;0;0;1;1;1;2;2;0;1;100;33;;;2;;0;1;0;0;0;;0;0;;0;2000;;;;3;4;1;2;3;1;1;2;4;2;4;3;2;2;2;3;3;3;3;2;2;4;4;4;4;4;4;4;4;4;3;3;4;4;3;2;4;4;2;4;5
29;1;64;2;1;2;0;18;1;1;1;825;18;1;100;0;0;0;0;0;0;0;0;0;0;1;0;1500;700;1500;4;2;0;0;0;1;0;0;1;2;3;0;0;0;1;3;2;0;0;0;1;0;0;0;0;0;0;0;0;0;2;2;2;1;3;2;2;3;3;1;3;;1;0;0;0;every week;50;2;0;0;0;0;0;0;0;0;0;0;0;0;1;1;1;2;2;0;1;150;35;;;2;;1;0;0;0;0;;0;0;;0;5000;;;;4;4;1;2;2;2;2;3;5;2;3;3;3;4;3;3;3;3;3;3;3;5;3;3;4;4;4;4;4;5;5;5;5;5;5;5;3;4;4;4;4
22;1;48;2;1;2;0;5;1;1;.26;200;5;1;100;0;0;0;0;0;0;0;0;0;0;1;0;;500;520;4;2;1;1;1;1;1;0;1;2;3;1;0;0;1;3;2;0;0;0;1;0;0;0;0;0;0;0;0;1;2;2;2;2;;;2;3;1;2;3;;1;0;0;0;every week;10;2;0;0;0;0;0;0;0;0;0;0;0;0;1;1;1;2;2;0;1;150;33;;;2;;1;1;0;0;1;;0;0;;0;1000;;;;4;3;1;2;2;2;2;2;4;1;2;3;3;4;2;3;3;3;3;1;1;4;4;3;4;3;4;4;4;3;4;4;4;4;4;4;4;3;3;4;4
12;1;57;2;3;2;0;20;1;1;.6;1000;10;1;95;1;5;0;0;0;0;0;0;0;0;1;0;200;200;280;4;2;1;1;1;1;0;0;1;2;2;1;0;0;1;2;2;0;0;0;1;0;0;0;0;0;0;0;0;1;1;3;1;2;2;2;2;3;2;2;3;;1;0;0;0;every 15 days peak season;10;2;0;0;0;0;0;0;0;0;0;0;0;0;1;1;1;2;2;0;1;100;33;;;2;;1;1;0;0;1;;0;0;;0;2000;;;;4;4;2;4;4;2;2;3;4;2;4;4;4;2;2;4;2;3;3;2;2;4;4;3;4;2;4;4;3;4;4;4;4;4;3;4;4;4;4;4;4
14;1;48;1;3;2;0;11;2;1;2.5;3100;6;1;80;1;20;0;0;0;0;0;0;0;0;1;0;;;1700;4;2;1;1;0;0;0;0;1;2;3;1;0;0;0;3;2;0;1;0;1;0;0;0;0;0;0;0;0;1;1;2;0;1;3;2;2;1;2;1;1;;1;0;0;0;every 15 days peak season;;2;0;0;0;0;0;0;0;0;0;0;0;0;1;2;1;1;2;0;;1700;36;;;2;;0;0;0;0;0;;0;0;;0;230000;;;;4;3;3;3;3;3;3;3;4;2;5;4;4;4;2;4;3;3;3;3;3;3;3;4;4;4;4;5;4;5;5;5;5;5;5;5;5;5;5;5;5
13;1;54;2;2;2;0;30;3;1;1;900;26;1;60;1;20;0;0;0;0;1;20;0;0;1;0;600;700;500;3;2;1;1;1;1;0;0;1;2;3;1;0;0;1;3;2;0;0;0;1;0;0;0;0;0;0;0;0;1;1;1;0;1;1;2;2;1;2;1;1;;1;0;0;0;;20;2;0;0;0;0;0;0;0;0;0;0;0;0;1;1;1;2;2;0;1;500;32;;;2;;0;0;0;0;0;;0;;;0;5000;;;;4;4;2;2;2;2;3;3;4;2;4;3;3;3;3;3;3;3;3;3;2;4;4;4;4;4;4;4;4;4;4;4;4;4;4;3;4;4;4;4;5
17;NA;55;2;2;2;0;7;3;1;1;900;6;1;100;0;0;0;0;0;0;0;0;0;0;1;0;600;700;900;4;2;1;0;0;0;0;0;1;2;3;1;0;0;0;3;2;0;0;0;1;0;0;0;0;0;0;0;0;1;2;1;2;1;4;2;2;2;2;2;1;;1;0;0;0;;;2;0;0;0;0;0;0;0;0;0;0;0;0;1;1;1;2;2;0;;800;35;;;2;;0;0;0;0;0;;0;0;;0;;;;;3;3;3;3;3;2;3;3;3;2;3;3;4;4;2;4;2;2;2;2;2;4;4;4;4;4;4;4;4;4;4;4;4;4;4;4;5;5;5;5;5
23;1;56;1;2;2;0;5;1;1;3.25;1800;5;1;50;1;50;0;0;0;0;0;0;0;0;1;0;;;100;4;2;1;1;0;1;0;0;1;2;3;1;0;0;1;3;2;0;0;0;1;0;0;0;0;0;0;0;0;1;1;4;0;0;0;0;2;4;1;2;;;1;0;0;0;;;2;0;0;0;0;0;0;0;0;0;0;0;0;1;1;Organic Fertilizer;2;2;0;1;100;30;;;2;;0;0;0;0;0;;0;0;;0;;;;;4;4;2;2;3;2;2;2;4;2;2;3;4;2;2;3;2;2;2;2;2;4;3;3;4;3;4;4;4;5;5;5;5;5;5;5;5;5;4;5;5
11;1;68;1;3;2;0;8;1;1;.5;350;5;1;60;1;40;0;0;0;0;0;0;0;0;1;0;;;480;3;2;0;1;1;1;0;0;1;2;3;0;0;0;1;3;2;0;0;0;1;0;0;0;0;0;0;0;0;1;1;4;2;1;4;2;2;4;2;2;;March;1;0;0;0;per 2 weeks;50;0;0;0;0;0;0;0;0;0;0;0;0;0;1;1;1;2;2;0;1;480;33;;;2;;0;0;0;0;0;;0;0;;0;;;;;4;4;2;2;2;2;2;2;4;2;4;4;3;3;2;4;2;2;2;2;2;5;4;4;4;2;4;4;4;4;4;4;4;4;3;3;4;4;4;4;4
26;NA;31;2;2;2;0;4;1;1;.25;200;4;1;100;0;0;0;0;0;0;0;0;0;0;0;0;;;50;4;2;0;0;0;0;0;0;1;2;3;0;0;0;1;3;2;0;1;0;0;0;0;0;0;0;0;0;0;1;1;3;;1;2;2;2;3;2;2;;;1;0;0;0;;;2;0;0;0;0;0;0;0;0;0;0;0;0;1;1;1;2;2;0;1;50;35;;;2;;1;0;0;0;0;;0;0;;0;1000;;;;4;4;1;2;2;2;4;3;4;1;3;3;3;3;2;3;3;3;3;3;2;4;4;3;4;3;4;4;4;4;4;4;4;4;4;4;4;4;4;4;4
102;2;48;1;2;2;0;6;1;2;1.5;1500;6;1;10;1;90;0;0;0;0;0;0;0;0;0;1;30;50;30;5;2;1;1;0;0;0;0;;3;3;1;0;0;1;3;2;0;0;0;1;0;0;0;1;0;0;0;0;0;2;4;3;2;seasoonal;3;3;seasonal;3;3;3;May and Decemeber;0;0;0;4;2;25;1;3;2;1;4;7;1;2;1;4;4;;25;1;2;1;2;1;3;;;;;;1;35000;0;1;0;0;1;10000;0;1;;1;2000;1000;3000;500;5;5;4;3;2;1;1;1;2;1;5;2;2;2;1;4;5;1;1;5;5;5;5;4;5;5;3;5;5;5;5;5;5;5;5;5;5;5;4;5;5
16;1;36;2;2;2;0;15;1;1;.5;800;;1;60;1;30;0;0;0;0;1;10;0;0;1;0;400;400;320;5;2;0;1;0;0;0;0;1;;;0;0;0;1;;2;0;0;0;1;0;0;0;0;0;0;0;0;0;1;3;;0;0;0;2;3;2;2;;;1;0;0;0;;20;0;0;0;0;0;0;;0;0;0;0;0;0;0;0;2;2;2;0;1;320;33;;;0;;0;0;0;0;0;;0;0;;0;;;;;3;3;2;3;3;3;2;3;4;2;4;4;3;3;2;4;3;3;3;3;2;4;4;4;4;3;4;4;4;4;4;4;4;4;4;4;4;4;4;4;4
15;1;32;2;2;2;0;3;3;1;.5;500;3;1;100;0;0;0;0;0;0;0;0;0;0;0;0;;;;4;2;1;0;0;0;0;0;1;2;3;1;0;0;0;3;2;0;0;0;0;0;0;0;0;0;0;0;0;0;1;0;0;0;0;0;2;2;2;;;May;0;0;0;0;;;0;0;0;0;0;0;0;0;0;0;0;0;0;1;1;1;2;1;3;2;;;;;;;;;;;;;;;;;;;;;4;4;4;3;3;2;3;4;4;2;4;4;4;3;3;4;4;4;4;3;3;5;5;5;4;3;4;4;4;4;4;4;4;4;4;4;4;4;4;4;4
18;1;49;2;1;3;0;.6;2;1;1;1000;.5;1;50;1;50;0;0;0;0;0;0;0;0;;;;;;3;2;1;0;0;1;1;0;1;;;;;;;;;;;0;;;;;;;;;;;;;;;;;;;;;;;;;;;;;;;;;;;;;;;;;;1;1;1;2;1;3;2;;;;;;;;;;;;;;;;;;;;;4;4;2;2;2;2;2;3;4;2;2;1;1;1;1;1;4;4;4;1;1;1;4;4;4;4;4;4;1;4;4;4;4;4;4;4;4;4;4;4;4
10;1;62;1;1;2;0;15;1;1;1;600;10;1;100;0;0;0;0;0;0;0;0;0;0;1;0;500;500;500;3;2;0;0;0;1;0;0;1;3;3;0;0;0;1;3;2;0;0;0;1;0;0;0;0;0;0;0;0;1;1;3;;2;;;2;3;2;2;;May;1;0;0;0;every 15;20;2;0;0;0;0;0;0;0;0;0;0;0;0;2;0;0;2;2;0;2;100;32;;;2;;0;0;0;0;0;;0;1;;1;12500;;;;4;4;1;2;2;2;2;4;4;2;4;4;3;3;2;4;2;2;2;3;2;4;4;4;4;4;4;4;4;4;4;4;5;4;4;4;4;4;3;4;4
19;1;49;2;2;2;0;7;2;1;1;800;3;1;100;0;0;0;0;0;0;0;0;0;0;1;;0;500;520;3;2;1;0;0;0;0;0;1;3;4;1;0;0;0;4;2;0;0;0;1;0;0;0;0;0;0;0;0;1;1;3;;2;;;2;3;2;2;;;1;0;0;0;ecery 15 days during the second;;2;0;0;0;0;0;0;0;0;0;0;0;0;1;1;1;2;1;3;1;150;33;;;2;;0;0;0;0;0;;0;0;;0;;;;;4;4;3;1;2;1;3;4;4;3;3;3;3;3;2;3;2;2;2;2;2;2;3;4;4;3;4;4;4;4;5;5;5;4;4;4;4;4;4;4;4
9;1;30;1;3;2;0;5;1;1;.6;600;5;1;90;0;0;0;0;0;0;1;10;0;0;1;0;500;500;500;3;2;0;0;0;1;0;0;1;;;0;0;0;1;;2;0;0;0;1;0;0;0;0;0;0;0;0;1;2;1;2;3;;2;2;1;;2;;;1;0;0;0;;;2;0;0;0;0;0;0;0;0;0;0;0;0;1;1;1;2;2;0;1;500;35;;;2;;0;0;0;0;0;;0;0;;0;;;;;3;3;2;1;2;1;1;2;5;3;3;3;3;4;3;4;4;4;3;1;1;4;4;3;4;4;4;4;4;5;4;4;4;4;4;4;4;4;3;3;4
30;1;51;1;1;3;0;25;2;1;1;900;7;1;100;0;0;0;0;0;0;0;0;0;0;1;0;400;500;500;;2;1;0;0;1;0;0;1;2;3;1;0;0;1;;2;0;0;0;1;0;0;0;0;0;0;0;0;1;1;;;1;3;;2;6;;;;;1;0;0;0;;;2;0;0;0;0;0;0;0;0;0;0;0;0;1;1;1;2;2;0;1;;32;;;;;;;;;;;;;;;;;;;4;4;2;2;2;2;2;3;4;2;3;4;4;4;2;4;2;2;2;3;2;5;5;4;4;4;4;4;4;4;4;4;5;4;5;4;4;4;4;4;4
7;1;60;2;3;2;0;4;1;1;1.5;2000;4;1;100;0;0;0;0;0;0;0;0;0;0;0;0;;;;5;2;0;0;0;1;0;0;1;2;;0;0;0;1;4;2;0;0;0;1;0;0;0;0;0;0;0;0;1;1;3;;3;3;2;2;3;2;2;;;1;1;0;0;;;2;0;0;0;0;0;0;0;0;0;0;0;0;2;0;0;2;2;0;2;;;;5000;2;;1;;;;;60000;;;;;;;;;3;3;1;2;3;1;1;2;4;3;3;1;3;3;1;3;3;3;3;2;1;4;4;3;4;4;4;4;4;4;4;4;4;4;3;3;4;4;3;3;4
8;1;51;1;2;3;0;12;1;1;1;900;12;1;50;0;0;0;0;0;0;0;0;1;50;1;0;570;500;600;4;2;1;0;0;1;0;0;1;2;4;1;0;0;1;4;0;0;0;0;1;0;0;0;0;0;0;0;0;1;1;3;;3;;;2;3;2;2;;May;1;0;0;0;every 15 days peak season;15;0;0;0;0;0;0;0;0;0;0;0;0;0;1;1;1;2;1;3;1;400;35;;;2;;0;0;0;0;0;;0;0;;0;5000;;;;3;3;1;2;3;1;1;2;4;3;3;1;3;3;1;4;4;4;3;1;1;4;4;3;4;4;4;4;5;4;4;5;5;5;5;4;4;4;3;3;4
21;;48;2;3;2;0;20;1;1;3.6;1800;;1;70;1;20;0;0;0;0;1;10;0;0;1;0;;;2000;4;2;1;0;0;1;1;0;;;;1;0;0;1;;2;0;0;0;1;0;0;0;0;0;0;0;0;1;1;;;3;;;2;;;2;;;1;0;0;0;;;1;;1;0;0;0;0;0;0;0;0;0;0;;;;;;;;;;;;;;;;;;;;;;;;;;;;4;4;2;2;4;2;2;3;4;3;4;4;4;4;2;4;4;4;4;3;2;4;4;4;4;4;4;4;4;4;4;4;4;4;4;3;4;4;4;4;4
20;;43;2;1;2;0;;3;1;1;1000;5;1;;;;;;;;;;;;;;;;700;4;2;1;0;0;1;0;0;1;2;3;1;0;0;1;3;2;0;0;0;1;0;0;0;0;0;0;0;0;1;2;3;2;2;;;2;3;;;;;1;0;0;0;;;2;0;0;0;0;0;0;0;0;0;0;0;0;2;0;0;0;0;0;2;700;33;;0;2;;0;0;0;0;0;;0;0;;0;5000;;;;4;4;1;2;2;2;2;3;4;2;4;3;4;4;2;3;2;3;3;3;2;5;5;4;4;4;4;4;4;4;4;4;4;4;4;4;3;4;4;4;4
79;1;38;2;2;2;0;3;1;1;.5;400;3;1;100;0;0;0;0;0;0;0;0;0;0;;;;;;3;2;1;0;0;0;0;0;1;2;4;1;0;0;0;4;2;;;0;;;;;;;;;;;1;3;;;;;2;3;3;;;;;;;;;;;;;;;;;;;;;;;2;0;0;0;0;0;1;;;;;;;;;;;;;;;;;;;;;4;4;1;1;1;1;1;4;4;2;4;4;4;4;1;4;3;4;2;1;1;1;4;4;4;4;3;4;3;4;4;4;4;4;4;4;4;4;4;4;4
80;;49;2;2;2;0;15;1;;.5;500;15;1;;1;;1;;;;1;;;;1;0;280;200;300;3;2;1;1;0;0;0;0;1;2;4;1;0;0;1;4;2;0;1;0;1;0;0;0;0;0;0;0;0;1;1;3;;3;;;2;3;;2;;;1;0;;;;;;;;;;;;;;;;;;1;1;1;0;0;0;2;;;;;;;;;;;;;;;;;500;;;;5;5;1;1;1;1;3;4;4;1;4;4;3;3;2;3;2;4;3;1;1;4;4;4;4;1;3;2;1;4;3;4;4;4;3;3;3;4;4;4;4
81;1;28;2;1;1;0;3;3;1;.1;80;;0;0;1;90;1;10;0;0;0;0;0;0;1;0;;;20;3;1;0;0;0;0;0;0;;;;0;0;0;0;0;0;0;0;0;1;0;0;0;0;0;0;0;0;0;;;;;;;;;;;;;0;1;0;0;;;;;;;;;;;;;;;;1;1;1;0;0;0;1;5;100;;;;;;;;;;;;;;;;;;;4;4;3;2;2;2;2;4;4;4;4;3;3;2;2;1;1;2;2;2;2;4;4;4;3;2;2;4;2;3;3;3;3;3;3;3;3;3;3;3;3
88;1;65;1;4;2;0;47;3;;3;1800;5;1;90;1;10;0;0;0;0;0;0;0;0;0;0;;;1600;4;2;1;0;1;1;1;0;1;2.5;3;1;0;0;1;3;2;0;1;0;1;0;0;0;0;0;0;0;0;1;1;3;;;;;2;3;2;2;;May;1;;;;;;2;0;0;0;0;0;0;0;0;0;0;0;0;1;1;2;2;1;3;2;;35;;;;;;;;;;;;;;;;;;;4;4;4;2;2;2;2;2;3;2;4;3;4;4;2;4;4;2;4;4;3;2;3;2;4;4;4;4;4;4;4;4;4;4;4;4;4;4;4;4;4
72;1;55;2;2;2;0;10;1;1;.5;500;;1;80;1;20;0;0;0;0;0;0;0;0;;0;;;200;4;2;0;0;0;1;0;0;1;;;0;0;0;1;;;0;0;0;4;0;0;0;0;0;0;0;0;1;1;2;;1;2;2;2;2;2;2;;;1;;;;every 15 days;;2;0;0;0;0;0;0;0;0;0;0;0;0;1;1;1;2;2;0;1;200;35;;;2;;0;0;;0;0;;0;0;;0;5000;;;;2;4;1;2;2;1;1;3;4;2;4;2;3;1;1;3;3;2;2;1;1;1;2;3;4;4;4;4;3;4;4;4;4;3;4;3;5;3;2;5;5
31;1;54;1;3;2;2;20;1;1;3;3000;;1;75;1;15;0;0;0;0;0;0;1;10;1;0;2000;2500;4000;4;2;1;1;0;1;0;0;1;3;3;1;0;0;0;10;2;0;1;0;0;0;0;0;0;0;0;0;0;1;;;2;;;2;2;;2;3;;February;1;;;;15 times per year;;2;0;0;0;0;0;0;0;0;0;0;0;0;1;1;1;2;1;1;2;4000;;;;1;3000;1;0;0;0;0;;1;1;88000;;50000;300;100000;60000;4;4;3;4;2;2;4;4;4;4;4;2;3;2;2;4;4;4;5;5;5;3;3;3;4;4;4;5;5;4;5;3;3;3;5;4;3;4;3;4;5
44;1;86;1;1;2;0;;1;1;.25;200;;1;;1;;0;0;0;0;0;0;0;0;1;0;;;100;4;2;1;0;0;0;0;0;1;;;1;0;0;0;;2;0;0;0;1;0;0;0;0;0;0;0;0;1;1;;;;;;;;;1;;;1;0;0;0;;;2;0;0;;0;0;;0;0;0;0;0;0;2;0;0;2;2;0;1;;;;6000;;;;;;;;;;;;;;;;;4;4;1;2;2;2;2;3;4;4;4;4;4;3;3;3;4;2;2;2;2;3;3;2;3;4;4;4;4;3;3;3;3;3;3;3;3;3;3;3;3
87;;41;2;3;2;0;22;3;1;1;1000;;1;95;1;5;0;0;0;0;0;;0;0;1;;;;2080;3;2;1;0;0;0;0;0;1;2;4;1;0;0;1;4;2;0;0;0;0;0;0;0;0;0;0;0;0;1;1;;;3;;2;1;3;3;3;;;1;1;0;0;0;;;;;;;;;;1;4;7;1;0;2;0;0;0;0;0;1;;;;;1;;;;;;;;;;;;;;;;4;4;1;1;1;1;2;3;4;3;3;3;3;3;4;4;4;4;4;4;4;4;4;4;4;4;4;4;4;4;4;4;4;4;4;4;4;4;4;4;4
107;2;33;1;3;2;0;2;3;1;12;200;;0;0;0;0;0;0;0;0;1;;;;;;;;;;2;1;0;0;0;0;0;1;3;2;1;0;0;0;2;2;0;0;0;0;0;0;0;0;0;0;0;0;1;;;;;;;2;3;3;;;;NA;NA;NA;NA;NA;NA;NA;NA;NA;NA;NA;NA;NA;NA;NA;NA;NA;NA;NA;1;1;1;0;0;0;;;;;;;;;;;;;;;;;;150;;;;5;5;3;3;3;3;3;4;1;1;5;1;3;2;2;3;4;4;4;4;3;3;4;4;3;3;4;4;4;3;2;3;4;5;2;3;4;4;3;3;4
106;2;68;1;3;1;0;10;3;2;10;10000;7;1;70;2;30;0;0;0;0;0;0;0;0;2;0;2000;;;1;2;1;1;0;0;0;0;1;2;3;1;0;0;1;3;2;0;0;0;1;0;0;0;0;0;0;0;0;1;3;;3;0;0;0;3;;;3;;;0;0;0;1;every other week;40-80;1;4;2;1;2;25;1;;1;4;5;1;;1;2;1;2;2;;;50;160;;;;;;;;;;;;;;;75000;;;;4;3;2;2;2;2;3;3;4;4;4;2;2;2;2;2;3;2;2;3;2;3;3;3;3;4;4;4;4;4;4;4;4;4;4;4;4;4;4;4;4
94;1;68;2;1;2;0;10;1;1;2;1800;5;1;75;1;25;0;0;0;0;0;0;0;0;1;0;;1000;1200;4;2;1;1;0;0;1;0;1;2;4;1;0;0;1;4;2;0;0;0;1;0;0;0;0;0;0;0;0;1;1;0;0;3;;3;3;3;3;3;;;1;0;0;0;;;2;;0;0;0;0;0;0;0;0;0;0;0;1;1;1;2;2;0;1;;34;;0;2;;0;0;0;0;0;;0;0;0;0;10000;;;;4;4;3;2;2;2;3;4;4;4;4;2;3;2;2;4;3;3;3;3;2;2;2;4;3;4;4;4;3;4;4;4;4;4;4;4;4;4;4;4;4
96;1;68;1;1;2;0;5;3;1;.5;100;5;1;50;1;50;0;0;0;0;0;0;0;0;0;0;;;100;3;2;1;0;0;1;1;0;1;2;4;1;0;0;1;4;2;0;0;0;1;0;0;0;0;0;0;0;0;1;1;4;;1;1;2;3;3;3;3;;;1;0;0;0;;;2;0;0;0;0;0;0;0;0;;0;0;0;2;0;0;2;2;0;1;100;30;;0;2;;0;0;0;0;0;;0;0;0;0;5000;;;;3;3;3;2;2;2;2;3;3;2;4;2;2;2;2;2;2;2;2;2;2;2;2;2;2;3;4;4;3;3;2;2;2;3;2;2;3;2;3;2;4
93;1;70;1;1;2;0;2;1;1;.5;150;2;1;100;0;0;0;0;0;0;0;0;0;0;0;0;;;;3;2;0;1;0;0;0;0;1;2;2;0;0;0;1;2;2;0;0;0;0;0;0;0;0;0;0;0;0;0;1;4;;;;;3;2;3;3;;;NA;NA;NA;NA;NA;NA;NA;NA;NA;NA;NA;NA;NA;NA;NA;NA;NA;NA;NA;1;1;1;2;2;0;1;NA;NA;;NA;2;;0;0;0;0;0;;0;0;0;0;;;;;3;3;2;1;1;1;3;3;4;4;4;2;1;3;1;1;3;3;3;3;1;4;3;3;3;3;4;4;4;4;4;4;4;4;4;4;4;4;4;4;4
76;1;45;2;3;2;0;10;3;1;1;800;10;1;100;0;0;0;0;0;0;0;0;0;0;1;0;2000;2000;2400;4;2;1;0;1;1;1;0;1;2;4;1;0;0;1;4;2;0;0;0;0;0;0;0;0;0;0;0;0;1;1;3;;3;;;3;;3;3;;;1;0;0;0;0;0;0;0;0;0;0;0;0;0;0;0;0;0;0;2;0;0;2;1;1;1;;34;;;2;;0;0;;0;0;;0;0;0;0;15000;;;;4;4;4;4;4;3;3;4;4;3;5;4;3;4;2;3;4;3;4;5;4;4;3;3;4;4;4;4;4;4;4;4;4;4;4;4;4;4;4;4;4
54;1;70;1;1;2;0;10;3;1;1;500;10;1;100;0;0;0;0;0;0;0;0;0;0;1;0;;;335;4;2;1;0;0;1;0;0;1;2;4;1;0;0;1;4;2;0;1;0;1;0;0;0;0;0;0;0;0;1;2;;2;1;1;2;3;2;2;3;;;1;;;;;;2;0;0;0;0;0;0;0;0;0;0;0;0;2;0;0;2;2;0;1;;33;;;2;;0;0;0;0;0;;0;0;0;0;6000;;;;3;3;2;2;2;2;2;3;4;4;4;2;2;3;1;3;3;3;3;2;2;2;1;3;4;4;4;4;4;4;4;4;4;4;4;4;4;4;4;4;4
52;1;58;1;2;2;0;10;3;1;.5;1000;10;1;70;0;0;0;0;0;0;1;30;0;0;1;0;;;70;4;2;0;0;1;1;0;0;1;2;4;0;0;0;1;4;2;0;0;0;1;0;0;0;0;0;0;0;0;1;1;1;;1;3;2;2;3;2;4;;;1;0;0;0;0;0;2;0;0;0;0;0;0;0;0;0;0;0;0;2;0;0;2;2;3;1;;33;;;2;;0;0;0;0;0;;0;0;0;0;5000;;;;3;3;3;3;3;2;3;3;3;3;3;4;3;3;3;3;3;3;3;2;2;2;1;3;4;4;4;4;4;4;4;4;4;4;4;4;4;4;4;4;4
53;1;63;1;1;2;0;10;1;1;5;;10;1;100;0;0;0;0;0;0;0;0;0;0;1;0;;;2800;4;2;0;0;0;1;0;0;1;2;4;0;0;0;1;4;2;0;1;0;1;0;0;1;0;0;0;0;0;1;3;2;2;3;;2;3;3;2;3;;;1;0;0;0;;;2;0;0;0;0;0;0;0;0;0;0;0;0;2;0;0;0;1;1;1;;35;;;;;;;;;;;;;;;50000;;;;4;4;4;4;4;3;3;4;4;3;4;4;4;4;4;4;3;3;3;4;2;4;4;4;4;4;4;4;4;4;4;4;4;4;4;4;4;4;4;4;4
55;1;48;2;2;2;0;15;1;1;.6;600;15;1;100;0;0;0;0;0;0;0;0;0;0;1;0;;;300;4;2;0;0;0;1;0;0;1;2;4;0;0;0;1;4;2;0;0;0;1;0;0;0;0;0;0;0;0;1;1;3;;2;;;2;;2;3;;;1;;;;;;2;0;0;0;0;0;0;0;0;0;0;0;0;1;1;1;2;2;0;1;;33;;;2;;0;0;0;0;0;;0;0;0;0;4000;;;;4;4;4;3;3;1;3;3;3;4;4;2;3;2;3;4;3;3;3;3;2;3;3;2;2;2;4;4;4;4;4;4;4;4;4;4;4;4;4;4;4
56;1;69;2;1;3;0;2;2;1;1.006;150;2;1;100;0;0;0;0;0;0;0;0;0;0;NA;0;;;;;2;0;0;0;1;0;0;1;2;3;0;0;0;1;3;2;;;0;;;;;;;;;;;1;;;;;;3;3;2;;;;;;;;;;;;;;;;;;;;;;;1;1;1;0;0;0;1;;;;;;;;;;;;;;;;;3000;;;;4;3;2;2;1;2;2;3;4;3;3;3;1;4;1;1;3;3;3;1;1;1;1;3;4;4;4;4;4;4;3;3;3;3;3;2;4;4;3;3;4
57;1;57;2;2;2;0;20;1;1;2.5;3000;;1;60;1;40;0;0;0;0;0;0;0;0;1;;;;2300;4;2;1;0;0;1;0;1;1;2;3;1;0;0;1;3;2;0;0;0;1;0;0;0;0;0;0;0;0;1;1;;;1;;;2;;3;3;;;1;1;0;0;;;2;0;0;0;0;0;0;0;1;4;5;1;0;2;0;0;0;1;3;1;;;;;1;;;;;;;;;;;;;;;;4;3;2;3;1;2;3;3;3;3;3;3;3;3;3;4;2;2;2;2;2;3;3;4;4;4;4;4;3;4;4;4;4;4;4;4;4;4;4;4;4
58;1;59;2;2;2;0;4;2;1;.25;300;;1;100;0;0;0;0;0;0;0;0;0;0;1;0;;;100;4;2;0;0;0;1;0;0;1;2;5;0;0;0;1;4;2;0;0;0;1;0;0;0;0;0;0;0;0;1;1;4;;3;;;3;;;3;;;1;0;0;0;;;2;0;0;0;0;0;0;0;0;0;0;0;0;2;0;0;2;2;0;1;100;33;;;2;;0;0;0;0;0;;0;0;0;0;2000;;;;3;3;1;1;1;2;2;5;5;3;4;3;3;2;3;1;2;2;2;2;2;5;2;4;4;4;4;4;2;3;3;3;3;3;3;3;5;5;3;1;3
70;1;51;2;2;2;0;21;1;1;.5;350;;1;100;0;0;0;0;0;0;0;0;0;0;1;0;;;300;4;2;1;0;0;1;1;0;1;2;3;1;0;0;1;3;2;0;1;0;1;0;0;0;;0;0;0;0;1;1;2;;2;;;3;3;2;3;;;1;1;0;0;;;1;4;2;0;0;0;0;0;4;5;1;;;2;0;0;2;1;3;2;;34;115;;0;;0;0;0;0;0;;;;;;5000;;;;3;3;1;2;3;2;2;3;3;2;4;1;3;3;2;3;2;3;2;2;2;3;2;4;3;3;4;4;3;4;4;4;4;4;1;2;2;2;3;2;4
74;;54;2;2;2;0;25;3;1;1.5;1000;;1;50;1;25;0;0;0;0;1;25;0;0;1;0;;;700;2;2;0;1;1;1;0;0;1;2;4;0;0;0;1;4;2;0;1;0;1;0;0;0;0;0;0;0;0;1;1;;;1;;2;2;;3;3;;;1;0;0;0;every week;;2;0;0;0;0;0;;0;0;0;0;0;0;1;1;1;2;1;2;1;;;;;2;;0;0;0;0;0;;1;1;;1;15000;;;;5;5;3;3;3;3;2;2;3;3;4;4;4;5;2;4;3;3;3;4;3;4;4;3;4;4;4;4;3;5;5;5;5;5;5;5;5;5;5;3;5
75;1;66;1;2;2;0;19;1;1;1;700;;1;100;0;0;0;0;0;0;0;0;0;0;1;0;;300;700;4;2;0;0;1;1;1;0;1;3;2;0;0;0;1;2;2;0;0;0;0;0;0;0;0;0;0;0;0;1;1;4;;2;;;3;3;3;3;;May;1;0;0;0;;;2;0;0;0;0;0;0;0;0;0;0;0;0;1;1;1;2;1;3;1;;34;;;2;;0;0;0;0;0;;0;0;0;0;15000;;;;4;3;2;3;2;2;2;3;3;2;4;4;4;4;2;3;3;3;3;3;3;5;5;5;5;5;4;5;3;4;4;4;4;4;4;4;4;3;4;4;4
104;2;75;2;2;2;0;5;1;2;1;1000;5;1;60;1;40;0;0;0;0;0;0;0;0;1;0;;;300;4;2;1;1;0;0;0;0;1;2;3;1;0;0;1;4;2;0;1;0;1;0;0;0;0;0;0;0;0;1;1;;;1;;2;3;;3;2;;;0;1;0;0;;;1;3;2;0;0;0;0;0;4;5;1;;;1;1;1;2;1;3;2;;;;;;;;;;;;;;;;;;;;;4;3;2;2;2;2;2;3;3;3;3;4;4;3;3;4;3;3;3;3;3;2;2;2;2;2;3;4;4;4;4;4;4;4;4;4;3;3;3;4;3
66;1;58;1;1;2;0;10;1;1;2.4;2000;;1;50;1;50;0;0;0;0;0;0;0;0;1;0;;;3200;4;2;0;1;0;1;0;0;1;2;4;0;0;0;1;4;2;0;0;0;1;0;0;0;0;0;0;0;0;1;;;;2;;;2;3;;;;;1;0;0;0;;;2;0;0;0;0;0;0;0;0;0;0;0;0;1;1;1;2;1;3;1;;33;;;;;;;;;;;;;;;;;;;4;4;4;3;3;3;4;3;2;3;4;4;4;3;4;3;3;3;3;3;3;3;4;4;4;4;4;4;4;4;4;4;4;4;4;4;3;3;3;3;3
78;1;70;1;2;2;0;5;1;1;1;900;5;1;100;0;0;0;0;0;0;0;0;0;0;1;0;;;500;4;2;1;0;0;1;1;0;1;3;2;1;0;0;1;2;2;0;1;0;0;0;0;0;0;0;0;0;0;1;1;4;;2;;;2;;3;2;;;1;0;0;0;;;2;0;0;0;0;0;0;0;0;0;0;0;0;2;0;0;2;2;0;2;500;34;;;;;;;;;;;;;;;10000;;;;4;4;2;2;2;2;3;3;4;3;4;4;4;4;4;4;3;3;3;3;3;5;4;4;4;4;4;4;4;4;4;3;4;3;4;4;4;3;4;3;4
;1;83;2;1;2;0;;1;1;.2;200;;1;100;0;0;0;0;0;0;0;0;0;0;1;0;;;100;2;2;1;0;1;0;0;0;1;2;3;1;0;0;1;3;2;0;1;0;1;0;0;0;0;0;0;0;0;1;1;;;2;;;2;;;2;3;;1;0;0;0;;;2;0;0;0;0;0;0;0;0;0;0;0;0;2;0;0;2;2;0;1;100;33;;;2;;0;0;0;0;0;;0;0;0;0;5000;;;;5;4;1;2;2;2;4;4;5;2;4;4;4;4;2;4;3;2;2;3;2;5;5;3;4;4;4;4;4;5;5;4;5;5;5;5;3;4;4;4;4
95;1;62;2;3;2;0;19;3;1;.7;400;19;1;75;1;15;0;0;0;0;1;0;0;0;0;1;;;240;3;2;0;0;1;1;1;0;1;2;2;0;0;0;1;2;2;0;0;0;1;0;0;0;0;0;0;0;0;1;1;4;1;1;;1;2;3;3;3;;;0;1;0;0;;;1;4;2;2;0;0;0;0;1;4;5;1;20;1;1;1;2;1;3;2;20;;120;;2;;0;0;0;0;0;;1;1;;1;5000;;;;3;3;1;1;1;1;1;3;3;3;3;4;3;3;2;3;3;3;3;3;3;3;3;3;3;4;4;4;4;4;4;3;4;3;3;2;4;4;3;3;4
97;1;64;2;2;3;0;3;1;1;.5;100;3;1;100;0;0;0;0;0;0;0;0;0;0;1;0;;;50;3;2;0;1;0;0;1;0;2;;;0;0;0;1;;2;0;0;0;1;0;0;0;0;0;0;0;0;0;1;1;;2;;;3;1;3;;;;1;0;0;0;;;2;0;0;0;0;0;0;0;0;0;0;0;0;1;1;1;2;2;0;1;10;32;;;2;;0;0;0;0;0;;0;0;0;0;1000;;;;2;2;1;1;1;1;1;3;2;1;5;1;1;1;1;1;2;2;2;2;2;4;4;3;2;2;4;4;3;4;2;3;4;4;4;4;4;4;4;4;4
98;1;53;1;2;2;0;33;2;1;.8;800;6;1;100;0;0;0;0;0;0;0;0;0;0;1;0;500;500;500;3;2;0;0;0;1;0;0;1;2;3;0;0;0;1;;2;0;0;0;1;0;0;0;0;0;0;0;0;0;1;2;;3;;3;3;3;3;3;;;1;0;0;0;;;2;0;0;0;0;0;0;0;0;0;0;0;0;1;2;1;2;2;0;1;;33;;;1;;0;0;0;0;0;;0;;0;;1000;;;;3;3;3;3;3;1;2;3;3;4;4;2;2;2;2;3;2;2;2;2;2;3;2;3;4;4;4;4;4;4;4;4;4;4;4;4;4;4;4;4;4
99;1;40;2;3;3;0;5;3;1;1.2;700;5;1;70;1;30;0;0;0;0;0;0;0;0;1;0;;100;500;2;2;0;0;0;1;0;0;1;2;4;0;0;0;1;;2;0;0;0;1;0;0;0;0;0;0;0;0;1;1;4;1;3;;1;2;;3;3;;;1;0;0;0;;;2;0;0;0;0;0;0;0;0;0;0;0;0;1;2;1;2;2;2;2;500;33;;;;;;;;;;;;;;;10000;;;;3;3;3;2;2;2;2;2;3;2;3;3;3;2;2;2;3;3;3;3;2;2;2;3;3;3;3;4;2;3;3;3;3;3;3;3;3;3;4;3;4
67;1;34;2;2;2;0;;3;1;.5;400;;1;65;1;35;0;0;0;0;0;0;0;0;1;0;;;150;3;2;0;0;0;1;0;0;1;2;4;0;0;0;1;4;2;0;1;0;1;0;0;0;0;0;0;0;0;1;1;4;;;;;3;3;3;3;;;1;0;0;0;every 15 days;10 kilograms;2;0;0;2;0;0;0;0;0;0;0;0;0;2;0;0;2;0;0;1;;33;;;2;;0;0;0;0;0;;0;0;0;0;3000;;;;3;2;3;2;2;2;2;2;3;3;3;4;3;3;3;3;2;2;2;2;2;2;2;2;2;2;3;3;2;3;3;3;3;3;3;3;3;3;3;3;3
68;1;63;2;1;2;0;43;3;1;2;1200;;1;50;1;50;0;0;0;0;0;0;0;0;1;0;;;4000;4;2;1;0;0;0;1;0;1;2;4;1;0;0;1;4;2;0;0;0;1;0;0;0;0;0;0;0;0;1;1;4;;3;;2;2;3;3;3;;;1;0;0;1;;;;;;1;1;5;1;;1;4;7;1;;1;1;;2;2;;1;;;;;;;;;;;;;;;;;50000;;;;4;4;4;3;3;3;3;4;4;4;4;4;4;3;3;4;4;4;2;3;3;4;4;4;4;4;4;4;4;4;4;4;4;4;4;4;4;4;4;4;4
69;1;46;2;2;2;0;9;1;1;.4;400;;1;50;1;50;0;0;0;0;0;;0;0;0;0;;;200;4;2;0;0;0;1;0;0;1;2;4;0;0;0;1;4;2;0;0;0;1;0;0;0;0;0;0;0;0;1;1;4;;2;;;3;2;;3;when needed;May;1;0;0;0;;;2;0;0;0;0;0;0;0;0;0;0;0;0;2;0;0;2;2;0;2;200;33;;;2;;0;0;0;0;;;0;0;0;0;2000;;;;4;4;1;1;1;1;1;3;3;4;4;3;3;3;3;3;2;3;3;3;3;3;3;2;3;3;4;4;4;4;4;3;3;4;3;2;4;3;3;4;4
84;;46;2;3;2;0;;1;1;.5;400;;1;50;1;50;0;0;0;0;0;0;0;0;1;0;;200;200;4;2;1;1;0;1;0;0;1;2;4;1;0;0;1;4;2;0;0;0;1;0;0;0;0;0;0;0;0;1;1;1;;2;;;2;1;2;2;;;1;0;0;0;every 15 days;;2;0;0;2;0;0;0;0;0;0;0;0;0;1;1;1;2;2;2;1;200;35;;;2;;0;0;0;0;0;;0;0;0;0;5000;;;;3;4;3;2;2;2;3;3;4;3;3;4;3;3;2;3;3;3;3;4;3;3;3;3;4;4;4;3;3;3;4;3;3;3;4;3;4;4;3;4;4
61;1;67;2;1;2;0;50;3;1;.5;400;;1;100;0;0;0;0;;0;0;0;0;0;0;2;20;10;8;3;2;1;0;1;1;1;1;1;3;5;1;0;0;1;3;2;0;1;0;1;0;0;0;0;1;1;0;0;1;1;3;1;1;;1;2;2;1;2;1;August;1;0;0;0;1;20;1;4;1;2;;;;;;;;;;1;1;1;2;1;3;1;;;;;2;;1;0;0;0;1;30000;;1;;1;3000;;10000;;4;4;3;4;4;3;4;4;4;3;3;3;3;3;3;2;4;3;4;2;3;3;4;3;3;4;3;3;4;3;3;4;3;3;4;4;3;3;3;4;5
62;1;44;2;3;2;0;10;1;1;1.5;1000;5;1;60;1;40;0;0;0;0;0;0;0;0;0;1;10;10;15;3;2;1;1;1;1;0;1;1;3;6;1;0;0;1;6;2;0;1;0;1;0;0;0;0;0;1;1;0;1;1;24;;2;;1;2;12;1;2;12;June;1;0;0;0;;;2;0;0;0;0;0;0;0;0;0;0;;0;1;1;3;2;1;1;1;;;;;;;1;1;;;1;;1;;;1;;;;;4;3;3;3;3;3;5;4;4;4;3;3;2;3;4;2;3;5;4;1;3;5;3;4;3;4;5;1;3;3;4;3;4;4;4;5;3;3;3;4;4
63;1;57;2;2;2;0;5;1;2;.5;450;3;1;60;1;40;0;0;0;0;0;0;0;0;0;1;70;80;50;3;2;1;0;1;1;0;1;;;;1;0;0;4;;2;0;1;0;1;0;0;0;0;0;0;0;0;0;1;1;1;2;;1;2;3;1;1;;;1;1;0;0;;;2;0;0;0;0;0;0;0;1;4;6;1;;1;1;3;;;;1;;;;;;;1;1;;;;25000;;;;;1000;;2000;;3;3;4;2;2;3;5;4;3;3;4;2;3;3;3;3;4;5;4;3;4;5;3;3;4;3;5;4;3;4;3;4;4;3;3;5;3;3;4;3;5
64;1;71;2;1;2;0;2;2;1;.5;300;2;1;70;1;30;0;0;0;0;0;0;0;0;;;;;;3;2;1;1;1;1;0;1;1;3;5;1;0;0;1;5;2;0;1;0;1;0;0;0;0;0;0;0;0;1;1;12;1;2;;1;2;4;3;1;2;May;NA;NA;NA;NA;NA;NA;NA;NA;NA;NA;NA;NA;NA;NA;NA;NA;NA;NA;NA;1;1;3;2;2;0;1;;;;;;;1;1;0;0;1;25000;1;1;10000;;;;2000;1000;3;3;3;4;3;3;2;3;3;3;3;3;2;3;3;2;3;3;3;1;3;3;3;3;4;3;3;3;3;4;3;3;3;3;4;4;3;4;4;3;3
65;1;63;2;2;2;0;6;1;2;.8;460;10;1;95;1;5;0;0;0;0;0;0;0;0;1;0;;;8;3;2;1;1;1;1;;;;3;3;1;0;0;1;3;2;0;1;0;1;0;0;0;0;0;0;0;0;1;1;3;1;2;;1;2;4;3;;;Quarterly;1;0;0;0;1;8;2;0;0;0;0;0;0;0;1;4;6;1;6;1;1;1;2;2;1;1;;;;;;;1;1;0;0;1;;1;1;;;1000;;1000;5000;4;3;3;4;3;3;5;4;4;3;4;4;3;4;2;4;3;2;2;3;3;3;4;3;3;3;2;5;3;3;3;3;3;3;3;5;3;3;3;5;5
71;1;55;2;1;2;0;;1;1;1.3;1000;;1;100;0;0;0;0;0;0;0;0;0;0;1;;;;1000;4;2;0;0;0;1;1;0;1;2;3;0;0;0;1;3;2;0;0;0;1;0;0;0;0;0;0;0;0;1;1;4;;2;;;3;;;3;;;1;1;0;0;;;1;4;2;2;0;0;0;0;1;4;7;1;;1;1;1;2;1;3;1;;;;#NAME?;2;;0;0;0;0;0;100000;0;0;0;0;80000;;30000;;4;4;1;1;1;1;2;3;5;2;3;3;3;4;2;4;4;4;2;2;1;1;4;2;2;2;3;3;4;2;3;3;4;4;3;3;3;3;3;2;3
73;;54;1;4;;0;15;1;1;1.8;2003;;1;80;1;10;0;0;0;0;1;0;0;0;;;;;960;3;2;0;1;1;1;0;1;2;2;3;0;0;0;1;3;2;0;1;0;1;0;0;1;0;0;0;0;0;1;1;4;2;1;;2;1;4;2;3;;;1;0;0;0;;;2;0;0;0;0;0;0;;0;0;0;0;0;1;1;1;2;1;3;1;;;;;;;;;;;;;;;;;1800;;;;5;3;2;2;3;1;3;3;3;4;5;2;5;3;3;5;4;2;2;4;1;5;5;2;2;3;4;5;3;4;3;3;4;2;3;3;3;3;3;4;4
100;2;72;1;3;2;0;4;1;1;10;7000;1000;0;0;1;;0;0;0;0;0;0;0;0;;;;;100;2;2;1;1;0;0;1;0;1;3;3;1;0;0;1;3;3;0;0;0;1;0;0;0;1;1;1;0;0;1;1;4;;1;4;;4;;;3;3;;0;0;0;4;every week;50;1;4;2;1;5;6;1;1 time/day;1;4;5;1;;1;1;1;1;1;1;2;500;;140;;1;;0;1;0;0;1;;1;;;1;100000;;;10000;5;5;4;4;4;2;5;5;5;5;5;4;5;4;2;4;5;5;5;5;5;5;4;4;4;5;4;4;5;5;5;5;5;5;5;2;5;4;5;5;4
101;2;60;2;1;1;0;10;2;1;.25;200;10;0;0;0;0;0;0;0;0;0;0;1;0;;;5;5;stolen by kids;4;2;1;1;0;0;0;0;1;5;3;1;0;0;0;2;2;0;0;0;0;0;0;1;0;0;0;0;1;0;1;24;;;;;3;1;;;;twice a year;1;0;0;0;2;2.5;2;0;0;2;0;0;0;0;0;0;0;;0;2;0;0;0;1;2;1;5;30;;;;;;;;;;;;;;;;;;;4;4;4;1;1;2;2;3;3;2;2;2;2;2;2;1;5;5;5;4;4;5;4;3;2;2;5;5;4;4;4;4;4;4;3;4;3;4;3;2;3
92;1;72;2;3;3;0;25;1;1;1;500;25;1;75;1;10;0;0;0;0;0;0;1;15;1;1;;;300;4;2;1;0;1;0;0;0;1;3;3;1;0;0;1;3;2;0;0;0;1;0;0;0;0;0;0;0;0;1;1;2;;3;;;2;;;3;;;1;1;;0;;;1;4;2;0;0;0;0;0;1;4;5;1;10;1;1;1;2;1;3;1;;35;115;;;;;;;;;;;;;;10000;;;;3;3;2;2;2;2;2;3;3;3;3;3;3;2;3;3;3;3;3;3;3;4;4;4;4;4;4;4;4;4;3;3;3;4;4;4;4;4;4;4;4
91;;45;2;3;2;0;25;1;;1;1200;;1;50;1;50;0;0;0;0;0;0;0;0;1;0;;1200;1300;3;2;1;1;1;1;0;0;1;3;2;1;0;0;1;2;2;0;0;0;1;0;0;0;0;0;0;0;0;1;1;4;;3;;;2;3;2;2;;May;1;0;0;0;;;2;0;0;0;0;0;0;0;0;0;0;0;0;1;1;;2;1;3;1;;;;;;;;;;;;90000;;;;;15000;;;;4;4;3;3;3;3;2;2;3;3;3;3;4;3;2;4;3;3;3;3;3;4;4;4;4;4;4;4;4;4;4;4;4;4;4;4;4;4;4;4;4
82;;61;1;2;3;0;6;1;1;1.5;800;;1;;1;;0;0;0;0;0;0;0;0;1;;;;120;3;2;1;1;1;1;0;0;1;2;2;1;0;0;1;2;2;0;0;0;1;0;0;0;0;0;0;0;0;1;1;1;;;;;3;3;1;;;;1;0;0;0;;;2;0;0;0;0;0;0;0;0;0;0;0;0;1;1;1;2;1;1;1;;32;;;;;;;;;;1000;;;;;;;;;4;4;4;3;3;2;2;3;3;3;3;4;4;3;2;4;3;3;3;4;4;4;4;4;4;3;4;4;4;4;4;4;4;4;4;4;4;4;4;4;4
45;1;48;1;1;2;0;12;1;1;4;300;;1;;1;;0;0;0;0;0;0;0;0;;;;;;4;2;0;0;0;1;0;0;1;3;4;0;0;0;1;4;2;0;0;0;0;0;0;0;0;0;0;0;0;1;1;2;;;;;2;2;2;;;;1;1;0;0;;;1;4;2;2;0;0;0;0;1;4;5;1;;1;1;1;2;2;;1;;;;7000;;;;;;;;;;;;;;;;;3;3;1;1;1;1;3;3;3;3;3;3;3;3;2;3;2;2;2;2;2;3;2;3;3;3;4;4;3;3;3;3;3;3;3;3;4;4;3;3;3
38;1;40;2;3;;0;;1;1;1;800;;1;50;1;50;0;0;0;0;0;0;0;0;1;0;;;300;3;2;1;0;0;1;1;0;1;2;4;1;0;0;1;4;2;0;0;0;1;0;0;0;0;0;0;0;0;1;1;1;;3;;;2;4;;3;;;1;0;0;0;;;2;0;0;;0;0;0;0;0;0;0;;0;1;1;1;2;1;3;1;;;;;;;;;;;;;;;;;8000;;;;3;1;1;1;1;1;1;3;3;3;3;3;3;2;2;2;2;2;2;2;2;4;3;3;3;3;4;4;4;3;3;3;3;3;3;3;3;3;3;3;3
42;1;32;2;2;2;0;5;1;1;.5;500;5;1;50;1;50;0;0;0;0;0;0;0;0;1;;;;480;4;2;0;0;0;1;0;0;1;3;4;0;0;0;1;4;2;0;0;0;1;0;0;0;0;0;0;0;0;0;1;1;;2;;;2;2;;3;;;1;0;0;0;;;2;0;0;0;0;0;0;0;0;0;0;0;0;1;1;1;2;;2;1;400;34;;;;;;;;;;;;;;;1000;;;;3;3;3;3;3;3;3;3;3;3;3;3;3;2;3;1;3;3;3;3;2;3;4;4;4;4;4;4;3;3;3;4;3;4;3;3;3;3;3;4;3
43;1;55;1;2;2;0;20;1;1;2;2000;20;1;85;1;;0;0;0;0;0;0;1;;1;;;;2600;4;2;1;1;1;1;0;0;1;3;4;1;0;0;1;4;2;0;1;0;1;0;0;0;0;0;0;0;0;1;1;2;;3;;;2;4;;3;;;1;0;0;0;;;2;0;0;0;0;0;0;0;0;0;0;0;0;1;1;2;2;1;1;1;;;;;;;0;0;0;0;0;10000;0;0;0;;1200;;;;3;3;3;3;3;1;3;3;3;3;3;4;3;3;2;4;3;3;3;3;3;3;3;4;4;3;4;4;4;4;4;4;4;4;4;4;4;4;4;4;4
39;;72;1;1;2;0;15;3;1;6;500;15;1;50;1;50;0;0;0;0;0;0;0;0;1;;;;400;4;2;1;1;1;1;0;0;1;3;3;1;0;0;1;3;2;0;0;0;1;0;0;0;0;0;0;0;0;0;1;2;;;;;3;;;2;;;1;0;0;0;;;2;0;0;0;0;0;0;0;0;0;0;0;0;1;1;1;2;2;;1;;33;;;;;;;;;;;;;;;;;;;2;2;2;2;2;2;2;4;3;3;3;2;2;2;2;2;2;2;2;3;2;4;4;3;3;3;4;4;3;3;4;4;4;4;3;4;3;3;3;4;4
40;1;40;2;2;2;0;10;1;1;.6;500;10;1;;1;;0;0;0;0;0;;0;0;1;0;;;500;4;2;0;0;0;1;0;0;1;2;3;0;0;0;1;3;2;0;0;0;1;0;0;0;0;0;0;0;0;1;1;4;;3;;;2;2;;2;;;1;0;0;0;;;2;0;0;0;0;0;0;0;0;0;0;0;0;2;0;0;2;2;0;2;;36;;;;;0;;;;;5000;;;;;;;;;3;3;1;1;1;1;3;4;5;3;3;3;3;3;3;3;3;3;3;3;3;5;4;4;4;4;4;4;5;3;4;3;4;3;2;2;4;3;3;2;4
36;1;37;1;2;2;0;5;1;1;2.25;2500;;1;100;0;0;0;0;0;0;0;0;0;0;1;0;;;2000;;2;1;1;0;1;0;0;1;3;3;1;0;0;1;3;2;0;1;0;1;0;0;0;0;0;0;0;0;1;1;;;3;;;2;2;;2;;;1;0;0;0;15 days;;2;0;0;0;0;0;0;0;0;0;0;0;0;1;1;1;2;1;1;1;;35;;;2;;;;;;;;;;;;30000;;;;4;4;2;1;1;1;3;3;4;4;3;4;4;4;3;4;3;3;3;3;2;4;5;5;5;5;5;5;5;4;4;5;4;4;5;4;5;4;4;5;4
41;1;49;1;2;2;0;20;1;1;1.3;1000;;1;60;1;40;0;0;0;0;0;0;0;0;1;0;;;600;3;2;1;0;0;1;0;0;1;3;3;1;0;0;1;3;2;0;0;0;1;0;0;0;0;0;0;0;0;1;1;2;;3;;;2;3;2;3;;February;1;0;0;0;;;2;0;0;0;0;0;0;0;0;0;0;0;0;2;0;0;2;2;;1;600;35;;;;;;;;;;;;;;;5000;;;;4;4;1;2;2;2;2;4;4;4;4;3;3;3;3;3;3;4;3;3;2;4;4;4;4;4;4;4;3;3;3;3;3;3;3;3;4;4;4;4;4
34;1;43;2;1;2;0;13;1;1;.6;400;;1;75;1;25;0;0;0;0;0;0;0;0;1;;100;100;100;4;2;1;0;0;1;0;0;1;3;3;1;0;0;1;3;2;0;0;0;1;0;0;0;0;0;0;0;0;1;;;;1;;2;2;3;2;;;May;1;0;0;0;;;2;0;0;0;0;0;0;0;0;0;0;0;0;1;1;1;2;;2;1;;35;;;;;;;;;;;;;;;2000;;;;3;3;1;1;1;1;1;3;3;3;3;2;2;3;2;3;3;3;4;2;2;4;3;3;3;3;4;5;3;3;3;3;3;3;3;3;4;4;3;4;4
33;1;75;2;1;3;0;50;1;2;5;3500;;1;;1;;0;0;0;0;0;0;0;0;1;0;4000;3500;4000;4;2;0;0;0;1;0;0;1;3;3;0;0;0;1;3;2;0;1;0;1;0;0;0;0;0;0;0;0;0;1;3;;3;2;3;2;3;2;3;;;1;0;0;0;;;2;0;0;0;0;0;0;0;0;0;0;0;0;2;;;2;;2;;;35;;;;;;;;;;;;;;;10000;;;;4;4;3;3;3;2;3;4;4;4;4;4;4;4;3;4;4;4;4;3;2;4;4;4;4;4;4;4;3;4;4;4;3;3;3;3;4;3;3;4;3
89;;72;1;1;2;0;59;2;1;2;1200;;1;75;1;25;0;0;0;0;0;0;0;0;1;0;900;1200;1200;4;2;1;0;1;1;1;0;1;2;2;1;0;0;1;2;2;0;1;0;1;0;0;0;0;1;0;0;0;1;1;1;;1;;2;2;2;3;2;;;1;1;0;0;;;1;4;2;2;0;0;0;0;1;4;5;1;;1;1;2;2;2;;1;;;;;;;;;;;;;;;;;10000;;;;4;4;2;2;2;2;2;5;5;4;4;3;4;4;2;4;4;4;3;3;2;4;4;4;4;4;4;4;4;4;4;4;4;4;4;4;4;5;4;4;5
32;;;1;3;2;0;2;1;1;1;700;2;1;;0;0;0;0;0;0;0;0;0;0;;0;;;;3;2;0;0;0;1;0;1;1;3;10;0;0;0;1;10;0;0;0;0;1;0;0;0;0;0;0;0;0;0;1;4;;1;;3;2;12;3;2;1;;NA;NA;NA;NA;NA;NA;NA;NA;NA;NA;NA;NA;NA;NA;NA;NA;NA;NA;NA;;;;;1;3;2;;;;;;;;;;;;;;;;;;;;;4;3;2;2;2;2;4;2;1;1;1;3;1;2;1;4;5;5;3;3;5;3;1;1;1;1;1;1;3;5;4;4;1;3;1;1;4;4;4;4;5
35;;62;1;3;2;0;10;1;1;1;1000;2;1;70;1;20;0;0;0;0;1;10;0;0;1;;;;180;3;2;1;0;1;1;0;0;1;1.5;10;1;0;0;1;5;2;0;1;0;1;0;0;0;0;0;0;0;0;1;1;;;2;;3;2;2;3;2;;December;1;0;0;0;2;180;1;4;1;0;0;0;0;0;1;2;5;1;165;1;1;1;;1;2;1;180;;108;;2;;1;1;;;1;;;1;;;;;;;3;4;4;1;4;3;3;3;4;3;4;3;3;3;3;3;4;4;4;3;4;5;4;3;5;5;3;5;4;4;4;4;4;4;4;4;4;4;4;4;5
85;;42;2;2;2;0;12;;;.8;200;12;1;50;1;50;0;0;0;0;0;0;0;0;1;;;;100;4;2;1;0;0;1;0;0;1;2;4;1;0;0;1;4;2;0;1;0;0;0;0;0;0;0;0;0;0;0;;;;;;;2;2;2;3;;March every 3 months;1;1;0;0;;;2;0;0;0;0;0;0;0;0;0;0;0;0;2;0;0;2;2;0;1;;35;;;;;;;;;;;;;;;;;;;4;4;1;1;4;2;3;3;4;3;3;3;1;3;2;3;3;3;3;1;2;4;3;3;3;3;4;4;4;4;4;4;4;4;4;4;4;4;4;4;4
59;1;57;2;1;2;0;32;3;1;.5;600;21;1;60;1;30;0;0;0;0;1;10;0;0;1;;100;100;120;3;2;1;1;;1;1;0;1;3;5;1;0;0;1;;2;0;1;0;1;0;0;0;1;0;1;0;0;1;1;24;1;2;2;3;2;2;3;1;2;May and December;1;1;0;0;2;120;1;4;1;2;0;0;0;0;1;2;5;1;110;1;1;1;2;1;1;1;;;;;;;;;;;;;1;1;;;;;;;4;3;4;3;3;3;4;4;3;3;3;3;3;3;4;3;4;4;4;2;3;5;3;3;3;3;5;3;4;5;4;4;4;4;4;4;4;3;3;4;4
60;1;65;1;2;2;0;7;3;1;1.5;1500;7;1;25;1;20;1;15;1;10;1;30;0;0;0;1;50;100;200;3;2;1;1;1;1;1;1;;;;1;0;0;1;;2;0;1;0;1;0;0;0;1;0;1;0;0;0;1;24;1;1;;1;2;4;1;1;;January and August;1;1;0;0;;;1;4;1;0;0;0;0;0;1;4;5;1;170;1;1;1;2;1;4;1;170;150;;;2;;1;1;;;1;;1;;;;5000;;5000;2000;4;5;3;3;3;3;5;4;4;3;4;4;4;4;3;4;4;4;4;2;3;4;3;3;4;4;4;5;3;5;4;5;4;3;5;4;3;3;4;5;5
49;1;52;2;2;2;0;20;1;1;.4;300;;1;75;1;25;0;0;0;0;0;0;0;0;1;;280;300;250;3;2;0;0;0;1;0;0;2;;;0;0;0;1;;2;0;0;0;1;0;0;0;0;0;0;0;0;0;1;2;;;;;2;2;;2;;;1;0;0;0;;;2;0;0;2;0;0;0;0;0;0;0;0;0;1;1;1;2;2;0;1;;;;;;;;;;;;;;;;;50000;;;;2;3;1;2;2;1;1;3;5;2;3;3;2;2;1;3;3;2;2;1;1;2;3;3;4;4;4;4;3;4;4;3;4;3;4;3;5;4;2;4;4
50;1;49;1;3;2;0;10;1;1;.5;100;;1;75;1;25;0;0;0;0;0;0;0;0;1;;20;20;20;3;2;0;0;0;1;0;0;1;0;0;0;0;0;1;0;2;0;0;0;1;0;0;0;0;0;0;0;0;1;1;;;;;;2;2;2;2;;;1;0;0;0;;;2;0;0;0;0;0;0;0;0;0;0;0;0;1;1;1;;;2;1;40;33;;;;;;;;;;;;;;;1000;;;;2;4;1;2;2;1;1;3;4;2;4;2;3;1;1;3;3;2;2;1;1;1;2;3;4;4;4;4;3;4;4;4;4;4;4;4;4;4;3;4;4
90;;65;2;2;2;0;5;2;1;2;2000;;1;95;1;5;0;0;0;0;0;0;0;0;;1;;;800;;2;1;1;1;1;0;0;1;3;4;1;0;0;1;4;2;0;0;0;1;0;0;0;0;0;0;0;0;1;1;3;;3;;;2;2;;3;;;1;0;0;0;;;2;0;0;0;0;0;0;0;0;0;0;0;0;2;0;0;2;2;0;1;;40;;;;;;;;;;;;;;;;;;;4;4;1;2;2;2;3;4;4;1;4;3;3;3;1;3;2;2;2;2;2;4;4;4;4;4;4;4;4;4;4;4;4;4;4;4;4;4;4;4;4
47;1;62;2;2;2;0;15;1;1;.6;600;;1;85;0;0;0;0;0;0;0;0;1;15;1;;200;200;200;4;2;0;0;0;1;1;0;1;2;3;0;0;0;1;3;2;0;0;0;0;0;0;0;0;0;0;0;0;1;1;2;;;;;2;2;2;2;;;1;0;0;0;;;2;0;0;0;0;0;0;0;0;0;0;0;0;1;1;1;12;1;3;1;200;33;;;;;;;;;;;;;;;2000;;;;5;5;1;1;1;1;2;3;3;4;3;3;3;3;3;3;2;2;2;2;2;4;3;3;3;3;3;3;3;4;4;4;4;4;4;4;4;4;4;4;4
48;1;46;2;2;2;0;20;1;1;1;1000;;1;50;1;25;0;0;0;0;1;25;0;0;1;;400;360;400;4;2;0;0;0;1;0;0;1;2;4;0;0;0;1;4;2;0;0;0;1;0;0;0;0;0;0;0;0;1;1;;;1;;;2;;;2;;;1;0;0;0;;;2;0;0;0;0;0;0;0;0;0;0;0;0;1;1;1;2;1;3;2;200;35;;;;;;;;;;;;;;;10000;;;;4;4;1;1;1;1;1;4;4;1;4;3;3;3;2;3;3;3;3;2;2;4;4;4;4;4;4;4;4;4;4;4;4;4;4;4;4;4;4;4;4
77;1;68;2;2;2;0;15;1;1;1;1000;;1;50;1;50;0;0;0;0;0;0;0;0;1;;2400;2400;2400;4;2;0;1;1;1;0;0;1;2;4;0;0;0;1;4;2;0;0;0;1;0;0;0;0;0;0;0;0;1;;;;1;2;;;;;;;;1;0;0;0;;;2;0;0;0;0;0;0;0;0;0;0;0;0;1;1;;;1;3;1;;35;;;;;;;;;;;;;;;;;;;4;4;2;3;3;2;3;3;2;3;3;4;2;4;3;3;3;2;4;2;2;2;2;2;5;3;4;4;4;4;4;4;4;5;5;4;4;4;4;4;4
46;1;48;1;2;2;0;20;2;1;1;1000;;1;;0;0;0;0;0;0;0;0;1;0;1;;800;800;800;4;2;1;0;0;1;0;0;1;2;4;1;0;0;1;4;2;0;1;0;1;0;0;0;0;0;0;0;0;1;1;;;3;;2;2;3;;2;;;1;;;;;;2;0;0;;0;0;;0;0;0;0;0;0;1;1;2;0;1;3;2;800;34;;;;;;;;;;;;;;;5000;;;;4;4;3;2;2;2;3;4;4;4;4;4;4;4;2;4;4;4;4;3;2;3;5;5;5;5;5;5;4;5;5;5;4;4;4;4;5;5;5;5;5
37;1;56;1;3;2;0;10;1;1;2;;;1;50;1;50;0;0;0;0;0;0;0;0;1;1;;;5000;4;2;0;0;0;1;0;0;;;;;;;;;;;;;;;;;;;;;;;2;;;1;;;2;;;2;;;1;1;0;0;;;1;4;2;;;;;;1;4;5;1;;1;1;1;2;1;3;1;;34;;;;;;;;;;;;;;;;;;;4;4;3;3;3;2;2;3;2;3;4;4;5;4;2;4;3;3;2;4;2;4;3;4;5;4;4;4;4;4;4;4;4;4;3;4;3;4;3;4;4
86;;67;1;2;3;0;15;3;1;2;700;15;1;75;1;25;0;0;0;0;0;0;0;0;0;1;;;;4;2;1;0;1;0;0;0;2;2;3;1;0;0;1;3;2;0;0;0;1;0;0;0;0;0;0;0;0;1;1;4;;3;2;3;2;4;3;2;;;0;1;0;0;;;1;4;2;0;0;0;0;0;1;4;5;1;;1;3;;;;;;;;;;;;;;;;;;;;;;;;;;4;4;1;1;1;1;2;3;3;3;3;3;3;3;3;3;2;2;2;2;2;5;5;5;4;3;4;4;3;3;3;3;3;3;3;3;3;3;3;4;3
;;;;;;;;;;;;;;;;;;;;;;;;;;;;;;;;;;;;;;;;;;;;;;;;;;;;;;;;;;;;;;;;;;;;;;;;;;;;;;;;;;;;;;;;;;;;;;;;;;;;;;;;;;;;;;;;;;;;;;;;;;;;;;;;;;;;;;;;;;;;;;;;;;;;;; ;;;;;;;;
